"","Estimate","Est.Error","Q2.5","Q97.5"
"R2",0.026013810978853,0.0186257080083848,0.00257347729861714,0.0704394212169761
